{
  "parent": "nitk:recipes/root",
  "display": {
    "icon": {
      "id": "minecraft:crafting_table"
    },
    "title": "Villager Housing Crafting",
    "description": "L = Oak Log\nS = Stone\nQ = Building Permit\nE = Emerald\nW = White Wool\nLx8  | Ex4 | Lx8\nLx16 |  Q  | Lx16\nSx24 | Wx12 | Sx24",
    "frame": "task",
    "show_toast": false,
    "announce_to_chat": false,
    "hidden": true
  },
  "rewards": {
    "function": "nitk:siteplanner/init_villagerhuts"
  },
  "criteria": {
    "open-dropper": {
      "trigger": "minecraft:any_block_use",
      "conditions": {
        "location": [
          {
            "condition": "minecraft:location_check",
            "predicate": {
              "block": {
                  "blocks": [
                    "minecraft:dropper"
                  ],
                  "nbt": "{Items:[{Slot:0b,id:\"minecraft:oak_log\",count:8},{Slot:1b,id:\"minecraft:emerald\",count:4},{Slot:2b,id:\"minecraft:oak_log\",count:8},{Slot:3b,id:\"minecraft:oak_log\",count:16},{Slot:4b,id:\"minecraft:paper\",count:1,components:{\"minecraft:custom_data\":{nitk_buildingPermit:1b}}},{Slot:5b,id:\"minecraft:oak_log\",count:16},{Slot:6b,id:\"minecraft:stone\",count:24},{Slot:7b,id:\"minecraft:white_wool\",count:12},{Slot:8b,id:\"minecraft:stone\",count:24}]}"
              }
            }
          }
        ]
      }
    }
  }
}