{
  "parent": "nitk:recipes/root",
  "display": {
    "icon": {
      "id": "minecraft:crafting_table"
    },
    "title": "Stardial Crafting",
    "description": "Open a Site Planner with a Stardial recipe.",
    "frame": "task",
    "show_toast": false,
    "announce_to_chat": false,
    "hidden": true
  },
  "rewards": {
    "function": "nitk:siteplanner/init_stardial"
  },
  "criteria": {
    "open-dropper": {
      "trigger": "minecraft:any_block_use",
      "conditions": {
        "location": [
          {
            "condition": "minecraft:location_check",
            "predicate": {
              "block": {
                  "blocks": [
                    "minecraft:dropper"
                  ],
                  "nbt": "{Items:[{Slot:0b,id:\"minecraft:sandstone\",count:4},{Slot:1b,id:\"minecraft:red_sandstone\",count:16},{Slot:2b,id:\"minecraft:sandstone\",count:4},{Slot:3b,id:\"minecraft:prismarine_crystals\",count:2},{Slot:4b,id:\"minecraft:paper\",count:1,components:{\"minecraft:custom_data\":{nitk_buildingPermit:1b}}},{Slot:5b,id:\"minecraft:glowstone_dust\",count:2},{Slot:6b,id:\"minecraft:sandstone\",count:4},{Slot:7b,id:\"minecraft:music_disc_strad\",count:1,components:{\"minecraft:custom_data\":{nitk_uniqueItem:3b}}},{Slot:8b,id:\"minecraft:sandstone\",count:4}]}"
              }
            }
          }
        ]
      }
    }
  }
}