{
  "display": {
    "icon": {
      "id": "minecraft:crafting_table"
    },
    "title": "Mine Crafting",
    "description": "Open a Site Planner with a Mine recipe.",
    "frame": "task",
    "show_toast": false,
    "announce_to_chat": false,
    "hidden": true
  },
  "rewards": {
    "function": "nitk:siteplanner/init_mine"
  },
  "criteria": {
    "open-dropper": {
      "trigger": "minecraft:any_block_use",
      "conditions": {
        "location": [
          {
            "condition": "minecraft:location_check",
            "predicate": {
              "block": {
                "blocks": [
                  "minecraft:dropper"
                ],
                "nbt": "{Items:[{Slot:0b,id:\"minecraft:oak_log\",count:4},{Slot:1b,id:\"minecraft:iron_pickaxe\",count:1},{Slot:2b,id:\"minecraft:oak_log\",count:4},{Slot:3b,id:\"minecraft:oak_log\",count:4},{Slot:4b,id:\"minecraft:paper\",count:1,components:{\"minecraft:custom_data\":{nitk_buildingPermit:1b}}},{Slot:5b,id:\"minecraft:oak_log\",count:4},{Slot:6b,id:\"minecraft:stone\",count:32},{Slot:7b,id:\"minecraft:iron_shovel\",count:1},{Slot:8b,id:\"minecraft:stone\",count:32}]}"
              }
            }
          }
        ]
      }
    }
  }
}
