{
  "parent": "nitk:adventure/technical_loot_quest",
  "display": {
    "icon": {
      "id": "minecraft:chest"
    },
    "title": {
      "translate": "nitk.advancement.quest.buried_treasure",
      "fallback": "Buried Treasure Quest"
    },
    "description": {
      "translate": "nitk.advancement.quest.buried_treasure.desc",
      "fallback": "Discover Buried Treasure"
    },
    "frame": "goal",
    "show_toast": false,
    "announce_to_chat": false,
    "hidden": true
  },
  "criteria": {
    "criteria": {
      "trigger": "minecraft:impossible"
    }
  }
}
