{
  "parent": "nitk:adventure/technical_kill_quest",
  "display": {
    "icon": {
      "id": "minecraft:totem_of_undying"
    },
    "title": {
      "translate": "nitk.advancement.quest.cave_spider",
      "fallback": "Cave Spider Quest"
    },
    "description": {
      "translate": "nitk.advancement.quest.cave_spider.desc",
      "fallback": "Slay a Cave Spider in a Mineshaft"
    },
    "frame": "goal",
    "show_toast": false,
    "announce_to_chat": false,
    "hidden": true
  },
  "criteria": {
    "criteria": {
      "trigger": "minecraft:impossible"
    }
  }
}
