{
  "parent": "nitk:adventure/iron_golem_quest",
  "criteria": {
    "criteria": {
      "trigger": "minecraft:summoned_entity",
      "conditions": {
        "player": [
          {
            "condition": "minecraft:entity_properties",
            "entity": "this",
            "predicate": {
              "type_specific": {
                "type": "minecraft:player",
                "advancements": {
                  "nitk:adventure/iron_golem_quest": true
                }
              }
            }
          }
        ],
        "entity": [
          {
            "condition": "minecraft:entity_properties",
            "entity": "this",
            "predicate": {
              "type": "minecraft:iron_golem",
              "location": {
                "structures": [
                  "minecraft:village_desert",
                  "minecraft:village_plains",
                  "minecraft:village_savanna",
                  "minecraft:village_snowy",
                  "minecraft:village_taiga"
                ]
              }
            }
          }
        ]
      }
    }
  },
  "rewards": {
    "function": "nitk:recurs/adventure/inform"
  }
}
