{
  "display": {
    "icon": {
      "id": "minecraft:iron_sword"
    },
    "title": {
      "translate": "nitk.advancement.quest.root",
      "fallback": "New in Town Quests"
    },
    "description": {
      "translate": "nitk.advancement.quest.root.desc",
      "fallback": "Quests assigned by New in Town's Adventure Guild"
    },
    "background": "minecraft:textures/block/mossy_cobblestone.png",
    "frame": "task",
    "show_toast": false,
    "announce_to_chat": false,
    "hidden": false
  },
  "criteria": {
    "get-log": {
      "trigger": "minecraft:impossible",
      "conditions": {}
    }
  }
}
