{
  "parent": "nitk:adventure/technical_other_quest",
  "display": {
    "icon": {
      "id": "minecraft:snowball"
    },
    "title": {
      "translate": "nitk.advancement.quest.snow_golem",
      "fallback": "Snow Golem Quest"
    },
    "description": {
      "translate": "nitk.advancement.quest.snow_golem.desc",
      "fallback": "Summon a Snow Golem in a snowy Village"
    },
    "frame": "goal",
    "show_toast": false,
    "announce_to_chat": false,
    "hidden": true
  },
  "criteria": {
    "criteria": {
      "trigger": "minecraft:impossible"
    }
  }
}
