{
  "parent": "nitk:adventure/technical_loot_quest",
  "display": {
    "icon": {
      "id": "minecraft:trident"
    },
    "title": {
      "translate": "nitk.advancement.quest.trident",
      "fallback": "Trident Quest"
    },
    "description": {
      "translate": "nitk.advancement.quest.trident.desc",
      "fallback": "Collect one Trident"
    },
    "frame": "goal",
    "show_toast": false,
    "announce_to_chat": false,
    "hidden": true
  },
  "criteria": {
    "criteria": {
      "trigger": "minecraft:impossible"
    }
  }
}
