{
  "parent": "nitk:adventure/technical_kill_quest",
  "display": {
    "icon": {
      "id": "minecraft:cauldron"
    },
    "title": {
      "translate": "nitk.advancement.quest.witch",
      "fallback": "Witch Quest"
    },
    "description": {
      "translate": "nitk.advancement.quest.witch.desc",
      "fallback": "Slay a Witch in a Swamp Hut"
    },
    "frame": "goal",
    "show_toast": false,
    "announce_to_chat": false,
    "hidden": true
  },
  "criteria": {
    "criteria": {
      "trigger": "minecraft:impossible"
    }
  }
}
