{
  "parent": "nitk:recipes/root",
  "display": {
    "icon": {
      "id": "minecraft:crafting_table"
    },
    "title": "Tap Mine Crafting",
    "description": "Open a Site Planner with a Tap Mine recipe.",
    "frame": "task",
    "show_toast": false,
    "announce_to_chat": false,
    "hidden": true
  },
  "rewards": {
    "function": "nitk:siteplanner/upgrades/init_tap_mine"
  },
  "criteria": {
    "open-dropper": {
      "trigger": "minecraft:any_block_use",
      "conditions": {
        "location": [
          {
            "condition": "minecraft:location_check",
            "predicate": {
              "block": {
                "blocks": [
                  "minecraft:dropper"
                ],
                "nbt": "{Items:[{Slot:0b,id:\"minecraft:deepslate\",count:16},{Slot:1b,id:\"minecraft:white_wool\",count:8},{Slot:2b,id:\"minecraft:deepslate\",count:16},{Slot:3b,id:\"minecraft:deepslate\",count:16},{Slot:4b,id:\"minecraft:paper\",count:4,components:{\"minecraft:custom_data\":{nitk_bankNote:1b}}},{Slot:5b,id:\"minecraft:deepslate\",count:16},{Slot:6b,id:\"minecraft:iron_ingot\",count:8},{Slot:7b,id:\"minecraft:diamond_pickaxe\",count:1},{Slot:8b,id:\"minecraft:iron_ingot\",count:8}]}"
              }
            }
          }
        ]
      }
    }
  }
}