{
  "parent": "nitk:recipes/root",
  "display": {
    "icon": {
      "id": "minecraft:crafting_table"
    },
    "title": "Industrial Farm Crafting",
    "description": "Open a Site Planner with a Industrial Farm recipe.",
    "frame": "task",
    "show_toast": false,
    "announce_to_chat": false,
    "hidden": true
  },
  "rewards": {
    "function": "nitk:siteplanner/upgrades/init_industrial_farm"
  },
  "criteria": {
    "open-dropper": {
      "trigger": "minecraft:any_block_use",
      "conditions": {
        "location": [
          {
            "condition": "minecraft:location_check",
            "predicate": {
              "block": {
                  "blocks": [
                    "minecraft:dropper"
                  ],
                  "nbt": "{Items:[{Slot:0b,id:\"minecraft:copper_block\",count:16},{Slot:1b,id:\"minecraft:end_rod\",count:8},{Slot:2b,id:\"minecraft:copper_block\",count:16},{Slot:3b,id:\"minecraft:glow_berries\",count:12},{Slot:4b,id:\"minecraft:paper\",count:4,components:{\"minecraft:custom_data\":{nitk_bankNote:1b}}},{Slot:5b,id:\"minecraft:glow_berries\",count:12},{Slot:6b,id:\"minecraft:deepslate\",count:8},{Slot:7b,id:\"minecraft:wheat\",count:16},{Slot:8b,id:\"minecraft:deepslate\",count:8}]}"
              }
            }
          }
        ]
      }
    }
  }
}