{
    "display": {
        "title": {
            "translate": "nitk.advancement.global",
            "fallback": "New in Town"
        },
        "description": {
            "translate": "nitk.advancement.global.desc",
            "fallback": "The settler's experience data pack"
        },
        "icon": {
            "id": "minecraft:diamond_axe"
        },
        "announce_to_chat": false,
        "show_toast": false
    },
    "parent": "global:kanokarob",
    "criteria": {
        "trigger": {
            "trigger": "minecraft:tick"
        }
    }
}