[
  {
    "function": "minecraft:filtered",
    "item_filter": {
      "predicates": {
        "minecraft:custom_data": {"deeper_dark_enchantments": ["clearsight"]}
      }
    },
    "modifier": {
      "function": "minecraft:set_enchantments",
      "enchantments": {
        "deeper_dark:clearsight": 1
      },
      "add": true
    }
  },
  {
    "function": "minecraft:filtered",
    "item_filter": {
      "predicates": {
        "minecraft:custom_data": {"deeper_dark_enchantments": ["sonic_boom"]}
      }
    },
    "modifier": {
      "function": "minecraft:set_enchantments",
      "enchantments": {
        "deeper_dark:sonic_boom": 1
      },
      "add": true
    }
  },
  {
    "function": "minecraft:filtered",
    "item_filter": {
      "predicates": {
        "minecraft:custom_data": {"deeper_dark_enchantments": ["safefall"]}
      }
    },
    "modifier": {
      "function": "minecraft:set_enchantments",
      "enchantments": {
        "deeper_dark:safefall": 3
      },
      "add": true
    }
  },
  {
    "function": "minecraft:filtered",
    "item_filter": {
      "predicates": {
        "minecraft:custom_data": {"deeper_dark_enchantments": ["darkspeed"]}
      }
    },
    "modifier": {
      "function": "minecraft:set_enchantments",
      "enchantments": {
        "deeper_dark:darkspeed": 3
      },
      "add": true
    }
  },
  {
    "function": "minecraft:filtered",
    "item_filter": {
      "predicates": {
        "minecraft:custom_data": {"deeper_dark_enchantments": ["resonate"]}
      }
    },
    "modifier": {
      "function": "minecraft:set_enchantments",
      "enchantments": {
        "deeper_dark:resonate": 1
      },
      "add": true
    }
  },
  {
    "function": "minecraft:filtered",
    "item_filter": {
      "predicates": {
        "minecraft:custom_data": {"deeper_dark_enchantments": ["shrieker_sense"]}
      }
    },
    "modifier": {
      "function": "minecraft:set_enchantments",
      "enchantments": {
        "deeper_dark:shrieker_sense": 1
      },
      "add": true
    }
  }
]
