{
  "type": "minecraft:add",
  "argument1": {
    "type": "minecraft:mul",
    "argument1": 5,
    "argument2": {
      "type": "minecraft:add",
      "argument1": -0.1,
      "argument2": {
        "type": "minecraft:abs",
        "argument": {
          "type": "minecraft:noise",
          "noise": "minecraft:calcite",
          "xz_scale": 1,
          "y_scale": 2
        }
      }
    }
  },
  "argument2": {
    "type": "minecraft:mul",
    "argument1": 5,
    "argument2": {
      "type": "minecraft:add",
      "argument1": -0.1,
      "argument2": {
        "type": "minecraft:abs",
        "argument": {
          "type": "minecraft:noise",
          "noise": "minecraft:calcite",
          "xz_scale": 1,
          "y_scale": 9
        }
      }
    }
  }
}
