{
  "type": "minecraft:add",
  "argument1": {
    "type": "minecraft:add",
    "argument1": {
      "type": "minecraft:add",
      "argument1": {
        "type": "minecraft:noise",
        "noise": "deeper_dark:caves/amethyst_mines",
        "xz_scale": 0.15,
        "y_scale": 0.5
      },
      "argument2": {
        "type": "minecraft:spline",
        "spline": {
          "coordinate": "y",
          "points": [
            {
              "location": -50,
              "derivative": 0,
              "value": 2
            },
            {
              "location": -40,
              "derivative": 0,
              "value": 0.4
            },
            {
              "location": 40,
              "derivative": 0,
              "value": 0.4
            },
            {
              "location": 50,
              "derivative": 0,
              "value": 2
            }
          ]
        }
      }
    },
    "argument2": {
      "type": "minecraft:spline",
      "spline": {
        "coordinate": "deeper_dark:ridges",
        "points": [
          {
            "location": 0.5,
            "derivative": 0,
            "value": 2
          },
          {
            "location": 0.6,
            "derivative": 0,
            "value": 0
          }
        ]
      }
    }
  },
  "argument2": {
    "type": "minecraft:spline",
    "spline": {
      "coordinate": "deeper_dark:temperature",
      "points": [
        {
          "location": 0.3,
          "derivative": 0,
          "value": 2
        },
        {
          "location": 0.35,
          "derivative": 0,
          "value": 0
        },
        {
          "location": 0.8,
          "derivative": 0,
          "value": 0
        },
        {
          "location": 0.9,
          "derivative": 0,
          "value": 2
        }
      ]
    }
  }
}