{
  "type": "minecraft:add",
  "argument1": {
    "type": "minecraft:add",
    "argument1": {
      "type": "minecraft:spline",
      "spline": {
        "coordinate": "y",
        "points": [
          {
            "location": 20,
            "derivative": 0,
            "value": 2
          },
          {
            "location": 40,
            "derivative": 0,
            "value": 0
          }
        ]
      }
    },
    "argument2": {
      "type": "minecraft:noise",
      "noise": "deeper_dark:caves/deep_oasis",
      "xz_scale": 0.3,
      "y_scale": 0.5
    }
  },
  "argument2": "deeper_dark:terrain/is_deep_oasis"
}