{
  "type": "minecraft:clamp",
  "input": {
    "type": "minecraft:add",
    "argument1": {
      "type": "minecraft:cube",
      "argument": {
        "type": "minecraft:y_clamped_gradient",
        "from_y": -59,
        "to_y": -50,
        "from_value": 1.01,
        "to_value": 0.01
      }
    },
    "argument2": {
      "type": "minecraft:add",
      "argument1": {
        "type": "minecraft:cube",
        "argument": {
          "type": "minecraft:y_clamped_gradient",
          "from_y": 50,
          "to_y": 59,
          "from_value": 0.01,
          "to_value": 1.01
        }
      },
      "argument2": {
        "type": "minecraft:clamp",
        "input": {
          "type": "minecraft:add",
          "argument1": 0,
          "argument2": "deeper_dark:terrain/caves"
        },
        "min": -1,
        "max": 1
      }
    }
  },
  "min": 0,
  "max": 0.1
}