{
    "name": "kattersstructures:graveyard/graves",
    "fallback": "minecraft:empty",
    "elements": [{
        "weight": 2,
        "element": {
            "element_type": "minecraft:empty_pool_element"
        }
    },{
        "weight": 1,
        "element": {
            "element_type": "minecraft:single_pool_element",
            "projection": "rigid",
            "processors": "minecraft:empty",
            "location": "kattersstructures:graveyard/grave/grave_01"
        }
    },{
        "weight": 1,
        "element": {
            "element_type": "minecraft:single_pool_element",
            "projection": "rigid",
            "processors": "minecraft:empty",
            "location": "kattersstructures:graveyard/grave/grave_02"
        }
    },{
        "weight": 1,
        "element": {
            "element_type": "minecraft:single_pool_element",
            "projection": "rigid",
            "processors": "minecraft:empty",
            "location": "kattersstructures:graveyard/grave/grave_03"
        }
    },{
        "weight": 1,
        "element": {
            "element_type": "minecraft:single_pool_element",
            "projection": "rigid",
            "processors": "minecraft:empty",
            "location": "kattersstructures:graveyard/grave/grave_04"
        }
    },{
        "weight": 1,
        "element": {
            "element_type": "minecraft:single_pool_element",
            "projection": "rigid",
            "processors": "minecraft:empty",
            "location": "kattersstructures:graveyard/grave/grave_05"
        }
    },{
        "weight": 1,
        "element": {
            "element_type": "minecraft:single_pool_element",
            "projection": "rigid",
            "processors": "minecraft:empty",
            "location": "kattersstructures:graveyard/grave/grave_06"
        }
    },{
        "weight": 1,
        "element": {
            "element_type": "minecraft:single_pool_element",
            "projection": "rigid",
            "processors": "minecraft:empty",
            "location": "kattersstructures:graveyard/grave/grave_07"
        }
    },{
        "weight": 1,
        "element": {
            "element_type": "minecraft:single_pool_element",
            "projection": "rigid",
            "processors": "minecraft:empty",
            "location": "kattersstructures:graveyard/grave/grave_08"
        }
    },{
        "weight": 1,
        "element": {
            "element_type": "minecraft:single_pool_element",
            "projection": "rigid",
            "processors": "minecraft:empty",
            "location": "kattersstructures:graveyard/grave/grave_09"
        }
    },{
        "weight": 1,
        "element": {
            "element_type": "minecraft:single_pool_element",
            "projection": "rigid",
            "processors": "minecraft:empty",
            "location": "kattersstructures:graveyard/grave/grave_10"
        }
    },{
        "weight": 1,
        "element": {
            "element_type": "minecraft:single_pool_element",
            "projection": "rigid",
            "processors": "minecraft:empty",
            "location": "kattersstructures:graveyard/grave/grave_11"
        }
    },{
        "weight": 1,
        "element": {
            "element_type": "minecraft:single_pool_element",
            "projection": "rigid",
            "processors": "minecraft:empty",
            "location": "kattersstructures:graveyard/grave/grave_12"
        }
    }]
}