{
    "name": "kattersstructures:graveyard/verdant_tome",
    "fallback": "minecraft:empty",
    "elements": [
    {
        "weight": 1,
        "element": {
            "element_type": "minecraft:single_pool_element",
            "projection": "rigid",
            "processors": "minecraft:empty",
            "location": "kattersstructures:graveyard/verdant_tome/graveyard_verdant_tome_01"
        }
    },{
        "weight": 1,
        "element": {
            "element_type": "minecraft:single_pool_element",
            "projection": "rigid",
            "processors": "minecraft:empty",
            "location": "kattersstructures:graveyard/verdant_tome/graveyard_verdant_tome_02"
        }
    },{
        "weight": 1,
        "element": {
            "element_type": "minecraft:single_pool_element",
            "projection": "rigid",
            "processors": "minecraft:empty",
            "location": "kattersstructures:graveyard/verdant_tome/graveyard_verdant_tome_03"
        }
    },{
        "weight": 1,
        "element": {
            "element_type": "minecraft:single_pool_element",
            "projection": "rigid",
            "processors": "minecraft:empty",
            "location": "kattersstructures:graveyard/verdant_tome/graveyard_verdant_tome_04"
        }
    },{
        "weight": 1,
        "element": {
            "element_type": "minecraft:single_pool_element",
            "projection": "rigid",
            "processors": "minecraft:empty",
            "location": "kattersstructures:graveyard/verdant_tome/graveyard_verdant_tome_05"
        }
    },{
        "weight": 1,
        "element": {
            "element_type": "minecraft:single_pool_element",
            "projection": "rigid",
            "processors": "minecraft:empty",
            "location": "kattersstructures:graveyard/verdant_tome/graveyard_verdant_tome_06"
        }
    },{
        "weight": 1,
        "element": {
            "element_type": "minecraft:single_pool_element",
            "projection": "rigid",
            "processors": "minecraft:empty",
            "location": "kattersstructures:graveyard/verdant_tome/graveyard_verdant_tome_07"
        }
    },{
        "weight": 1,
        "element": {
            "element_type": "minecraft:single_pool_element",
            "projection": "rigid",
            "processors": "minecraft:empty",
            "location": "kattersstructures:graveyard/verdant_tome/graveyard_verdant_tome_08"
        }
    }
]
}