{
  "parent": "nitk:recipes/recipe_railway",
  "display": {
    "icon": {
      "id": "minecraft:crafting_table"
    },
    "title": "Incline Rail Crafting",
    "description": "Open a Rail Planner with a Incline Rail recipe.",
    "frame": "task",
    "show_toast": false,
    "announce_to_chat": false,
    "hidden": true
  },
  "rewards": {
    "function": "nitk:siteplanner/railway/init_rail_ramp_up"
  },
  "criteria": {
    "open-dropper": {
      "trigger": "minecraft:any_block_use",
      "conditions": {
        "location": [
          {
            "condition": "minecraft:location_check",
            "predicate": {
              "block": {
                "blocks": [
                  "minecraft:dropper"
                ],
                "nbt": "{Items:[{Slot:0b,id:\"minecraft:redstone\",count:4},{Slot:1b,id:\"minecraft:stone\",count:4},{Slot:2b,id:\"minecraft:iron_ingot\",count:2},{Slot:3b,id:\"minecraft:stone\",count:4},{Slot:4b,id:\"minecraft:iron_ingot\",count:2},{Slot:5b,id:\"minecraft:oak_log\",count:4},{Slot:6b,id:\"minecraft:iron_ingot\",count:2},{Slot:7b,id:\"minecraft:oak_log\",count:4},{Slot:8b,id:\"minecraft:redstone\",count:4}]}"
              }
            }
          }
        ]
      }
    }
  }
}