{
  "processors": [
    {
      "processor_type": "minecraft:rule",
      "rules": [
        {
          "location_predicate": {
            "predicate_type": "minecraft:always_true"
          },
          "input_predicate": {
            "predicate_type": "minecraft:random_block_match",
            "block": "minecraft:chest",
            "probability": 0.75
          },
          "output_state": {
            "Name": "minecraft:air"
          }
        }
      ]
    }
  ]
}
