{
  "type": "minecraft:command",
  "pools": [
    {
      "rolls": 1,
      "entries": [
        {
          "type": "minecraft:item",
          "name": "minecraft:flint",
          "functions": [
            {
              "function": "minecraft:set_custom_model_data",
              "floats": {
                "values": [
                  8601015
                ],
                "mode": "insert"
              }
            },
            {
              "function": "minecraft:set_custom_data",
              "tag": "{nitref_dragonScale:1b}"
            },
            {
              "function": "minecraft:set_name",
              "target": "item_name",
              "name": {
                "translate": "nitk.item.dragon_scale",
                "fallback": "Dragon Scale",
                "color": "aqua",
                "italic": false
              }
            }
          ]
        }
      ]
    }
  ]
}
