{
  "type": "minecraft:command",
  "pools": [
    {
      "rolls": 1,
      "entries": [
        {
          "type": "minecraft:item",
          "name": "minecraft:paper",
          "functions": [
            {
              "function": "minecraft:set_custom_model_data",
              "floats": {
                "values": [
                  8601002
                ],
                "mode": "insert"
              }
            },
            {
              "function": "minecraft:set_custom_data",
              "tag": "{nitk_lampContract:1b}"
            },
            {
              "function": "minecraft:set_name",
              "target": "item_name",
              "name": {
                "translate": "nitk.item.lamp_contract",
                "fallback": "Lamp Light Contract",
                "color": "blue",
                "italic": false
              }
            },
            {
              "function": "minecraft:set_lore",
              "lore": [
                {
                  "translate": "nitk.item.lamp_contract.desc",
                  "fallback": "Used to build or update",
                  "color": "gray",
                  "italic": false
                },
                {
                  "translate": "nitk.item.light_contract.desc",
                  "fallback": "your town's Lamp Lights.",
                  "color": "gray",
                  "italic": false
                }
              ],
              "mode": "replace_all"
            },
            {
              "function": "minecraft:set_components",
              "components": {
                "minecraft:enchantment_glint_override": true
              }
            }
          ]
        }
      ]
    },
    {
      "rolls": 1,
      "entries": [
        {
          "type": "minecraft:item",
          "name": "minecraft:paper",
          "functions": [
            {
              "function": "minecraft:set_custom_model_data",
              "floats": {
                "values": [
                  8601003
                ],
                "mode": "insert"
              }
            },
            {
              "function": "minecraft:set_custom_data",
              "tag": "{nitk_postContract:1b}"
            },
            {
              "function": "minecraft:set_name",
              "target": "item_name",
              "name": {
                "translate": "nitk.item.post_contract",
                "fallback": "Lamp Post Contract",
                "color": "blue",
                "italic": false
              }
            },
            {
              "function": "minecraft:set_lore",
              "lore": [
                {
                  "translate": "nitk.item.lamp_contract.desc",
                  "fallback": "Used to build or update",
                  "color": "gray",
                  "italic": false
                },
                {
                  "translate": "nitk.item.post_contract.desc",
                  "fallback": "your town's Lamp Posts.",
                  "color": "gray",
                  "italic": false
                }
              ],
              "mode": "replace_all"
            },
            {
              "function": "minecraft:set_components",
              "components": {
                "minecraft:enchantment_glint_override": true
              }
            }
          ]
        }
      ]
    }
  ]
}
