{
  "type": "minecraft:command",
  "pools": [
    {
      "rolls": 1,
      "entries": [
        {
          "type": "minecraft:item",
          "name": "minecraft:ender_eye",
          "functions": [
            {
              "function": "minecraft:set_custom_model_data",
              "floats": {
                "values": [
                  8601014
                ],
                "mode": "insert"
              }
            },
            {
              "function": "minecraft:set_custom_data",
              "tag": "{nitref_tyrantLocus:1b}"
            },
            {
              "function": "minecraft:set_name",
              "target": "item_name",
              "name": {
                "translate": "nitk.item.tyrant_locus",
                "fallback": "Tyrant Locus",
                "color": "aqua",
                "italic": false
              }
            },
            {
              "function": "minecraft:set_lore",
              "lore": [
                {
                  "translate": "nitk.item.tyrant_locus.desc.1",
                  "fallback": "The final ingredient in",
                  "color": "gray",
                  "italic": false
                },
                {
                  "translate": "nitk.item.tyrant_locus.desc.2",
                  "fallback": "Ender refugee structures.",
                  "color": "gray",
                  "italic": false
                }
              ],
              "mode": "replace_all"
            },
            {
              "function": "minecraft:set_components",
              "components": {
                "minecraft:enchantment_glint_override": true
              }
            }
          ]
        }
      ]
    }
  ]
}
