{
  "parent": "nitk:recipes/root",
  "display": {
    "icon": {
      "id": "minecraft:crafting_table"
    },
    "title": "Castle Stable Crafting",
    "description": "Open a Castle Planner with a Castle Stable recipe.",
    "frame": "task",
    "show_toast": false,
    "announce_to_chat": false,
    "hidden": true
  },
  "rewards": {
    "function": "nitk:siteplanner/castleplanner/init_stable"
  },
  "criteria": {
    "open-dropper": {
      "trigger": "minecraft:any_block_use",
      "conditions": {
        "location": [
          {
            "condition": "minecraft:location_check",
            "predicate": {
              "block": {
            "blocks": [
              "minecraft:dropper"
            ],
			"nbt":"{Items:[{Slot:0b,id:\"minecraft:stone\",count:4},{Slot:1b,id:\"minecraft:hay_block\",count:2},{Slot:2b,id:\"minecraft:stone\",count:4},{Slot:3b,id:\"minecraft:stone\",count:4},{Slot:4b,id:\"minecraft:gold_ingot\",count:8},{Slot:5b,id:\"minecraft:stone\",count:4},{Slot:6b,id:\"minecraft:stone\",count:8},{Slot:7b,id:\"minecraft:dirt\",count:4},{Slot:8b,id:\"minecraft:stone\",count:8}]}"
              }
            }
          }
        ]
      }
    }
  }
}