{
  "display": {
    "icon": {
      "id": "minecraft:nether_bricks"
    },
    "title": {
      "translate": "nitk.advancement.enter_nether",
      "fallback": "A New Dimension"
    },
    "description": {
      "translate": "nitk.advancement.enter_nether.desc",
      "fallback": "Prepare to take the Nether back from the Tyrant."
    },
    "frame": "goal",
    "show_toast": true,
    "announce_to_chat": true,
    "hidden": false
  },
  "parent": "nitk:nitk/tyrant_defeat",
  "criteria": {
    "tyrantfall": {
      "trigger": "minecraft:impossible"
    },
    "to-nether": {
      "trigger": "minecraft:changed_dimension",
      "conditions": {
        "from": "minecraft:overworld",
        "to": "minecraft:the_nether"
      }
    }
  },
  "rewards": {
    "loot": [
      "nitco:command/getbook"
    ]
  }
}
