{
  "parent": "nitk:nitk/hamlet",
  "display": {
    "icon": {
      "id": "minecraft:clock"
    },
    "title": {
      "translate": "nitk.advancement.small_loan",
      "fallback": "A Small Loan"
    },
    "description": {
      "translate": "nitk.advancement.small_loan.desc",
      "fallback": "With the Bank's help, upgrade your Settler's Wagon to a Town Hall."
    },
    "frame": "goal",
    "show_toast": true,
    "announce_to_chat": true,
    "hidden": false
  },
  "rewards": {
    "experience": 200
  },
  "criteria": {
    "build-town-hall": {
      "trigger": "minecraft:impossible"
    }
  }
}