{
  "display": {
    "icon": {
      "id": "minecraft:disc_fragment_5",
      "components": {
        "minecraft:enchantment_glint_override": true
      }
    },
    "title": {
      "text": "Finding The Pieces"
    },
    "description": {
      "text": "Discover One of the Sculk Conversion Altar Fragments"
    },
    "frame": "task",
    "show_toast": true,
    "announce_to_chat": true,
    "hidden": false
  },
  "parent": "deeper_dark:amethyst_mineshaft",
  "criteria": {
    "item": {
      "trigger": "minecraft:inventory_changed",
      "conditions": {
        "player": [],
        "items": [
          {
            "items": [
              "minecraft:disc_fragment_5"
            ],
            "components": {
              "minecraft:custom_data": {"deeper_dark_altar_fragment":1}
            }
          }
        ]
      }
    }
  },
  "requirements": [
    [
      "item"
    ]
  ]
}
