{
  "display": {
    "icon": {
      "id": "minecraft:sculk_catalyst",
      "components": {
        "minecraft:enchantment_glint_override": true
      }
    },
    "title": {
      "text": "The Light of the Soul Fire Flame"
    },
    "description": {
      "text": "Assemble a Sculk Converter"
    },
    "frame": "goal",
    "show_toast": true,
    "announce_to_chat": true,
    "hidden": false
  },
  "parent": "deeper_dark:altar_fragment",
  "criteria": {
    "criteria": {
      "trigger": "minecraft:impossible",
      "conditions": {}
    }
  }
}
