{
  "display": {
    "icon": {
      "id": "minecraft:shield",
      "components": {
        "minecraft:enchantment_glint_override": true
      }
    },
    "title": {
      "text": "Caught In 4K"
    },
    "description": {
      "text": "Give An Attacker Glowing Using the Resonate Enchantment"
    },
    "frame": "task",
    "show_toast": true,
    "announce_to_chat": true,
    "hidden": false
  },
  "parent": "deeper_dark:converter",
  "criteria": {
    "criteria": {
      "trigger": "minecraft:impossible",
      "conditions": {}
    }
  }
}
