{
    "type": "minecraft:command",
    "pools": [
      {
        "rolls": 1,
        "entries": [
          {
            "type": "minecraft:item",
            "weight": 1,
            "name": "minecraft:crimson_fungus"
          },
          {
            "type": "minecraft:item",
            "weight": 1,
            "name": "minecraft:crimson_stem"
          },
          {
            "type": "minecraft:item",
            "weight": 1,
            "name": "minecraft:shroomlight"
          },
          {
            "type": "minecraft:item",
            "weight": 1,
            "name": "minecraft:weeping_vines"
          },
          {
            "type": "minecraft:loot_table",
            "weight": 1,
            "value": "nitco:entity/hoglin"
          }
        ]
      }
    ]
  }
  