{
    "display": {
      "icon": {
        "id": "minecraft:trial_key",
        "components": {
          "minecraft:enchantments": {
            "minecraft:fire_aspect": 1
          },
          "custom_model_data": 10001
        }
      },
      "title": {
      "translate": "advancement.kattersstructures.boss_key_title",
      "fallback": "Key to Power"
    },
    "description": {
      "translate": "advancement.kattersstructures.boss_key_description",
      "fallback": "An ancient key, inscribed with symbols of power and protection. His fate is tied to a place underground that reeks of grindstones and armor polish."
    },
      "frame": "goal",
      "show_toast": true,
      "announce_to_chat": true,
      "hidden": true
    },
    "parent": "kattersstructures:root",
    "criteria": {
      "requirement": {
        "trigger": "minecraft:inventory_changed",
        "conditions": {
          "player": [
            {
              "condition": "minecraft:entity_properties",
              "entity": "this",
              "predicate": {}
            }
          ],
          "items": [
            {
              "items": "minecraft:trial_key",
              "components": {
                "custom_model_data" : 10001
              }
            }
          ]
        }
      }
    }
  }
  