{
  "type": "minecraft:chest",
  "pools": [
    {
      "rolls": 1,
      "entries": [
        {
          "type": "minecraft:item",
          "name": "minecraft:book",
          "weight": 6,
          "functions": [
            {
              "function": "minecraft:enchant_randomly",
              "options": "#deeper_dark:all"
            }
          ]
        },
        {
          "type": "minecraft:item",
          "name": "minecraft:book",
          "weight": 20,
          "functions": [
            {
              "function": "minecraft:reference",
              "name": "deeper_dark:enchantment_addition"
            }
          ]
        }
      ]
    }
  ]
}
