{
  "pools": [
    {
      "rolls": 1,
      "entries": [
        {
          "type": "minecraft:group",
          "children": [
            {
              "type": "minecraft:loot_table",
              "value": "deeper_dark:sculk_converter/1",
              "conditions": [
                {
                  "condition": "minecraft:value_check",
                  "value": {
                    "type": "minecraft:score",
                    "target": {
                      "type": "minecraft:fixed",
                      "name": "1"
                    },
                    "score": "deeper_dark.var"
                  },
                  "range": 1
                }
              ]
            },
            {
              "type": "minecraft:loot_table",
              "value": "deeper_dark:sculk_converter/2",
              "conditions": [
                {
                  "condition": "minecraft:value_check",
                  "value": {
                    "type": "minecraft:score",
                    "target": {
                      "type": "minecraft:fixed",
                      "name": "2"
                    },
                    "score": "deeper_dark.var"
                  },
                  "range": 1
                }
              ]
            },
            {
              "type": "minecraft:loot_table",
              "value": "deeper_dark:sculk_converter/3",
              "conditions": [
                {
                  "condition": "minecraft:value_check",
                  "value": {
                    "type": "minecraft:score",
                    "target": {
                      "type": "minecraft:fixed",
                      "name": "3"
                    },
                    "score": "deeper_dark.var"
                  },
                  "range": 1
                }
              ]
            },
            {
              "type": "minecraft:loot_table",
              "value": "deeper_dark:sculk_converter/4",
              "conditions": [
                {
                  "condition": "minecraft:value_check",
                  "value": {
                    "type": "minecraft:score",
                    "target": {
                      "type": "minecraft:fixed",
                      "name": "4"
                    },
                    "score": "deeper_dark.var"
                  },
                  "range": 1
                }
              ]
            },
            {
              "type": "minecraft:loot_table",
              "value": "deeper_dark:sculk_converter/5",
              "conditions": [
                {
                  "condition": "minecraft:value_check",
                  "value": {
                    "type": "minecraft:score",
                    "target": {
                      "type": "minecraft:fixed",
                      "name": "5"
                    },
                    "score": "deeper_dark.var"
                  },
                  "range": 1
                }
              ]
            },
            {
              "type": "minecraft:loot_table",
              "value": "deeper_dark:sculk_converter/6",
              "conditions": [
                {
                  "condition": "minecraft:value_check",
                  "value": {
                    "type": "minecraft:score",
                    "target": {
                      "type": "minecraft:fixed",
                      "name": "6"
                    },
                    "score": "deeper_dark.var"
                  },
                  "range": 1
                }
              ]
            },
            {
              "type": "minecraft:loot_table",
              "value": "deeper_dark:sculk_converter/7",
              "conditions": [
                {
                  "condition": "minecraft:value_check",
                  "value": {
                    "type": "minecraft:score",
                    "target": {
                      "type": "minecraft:fixed",
                      "name": "7"
                    },
                    "score": "deeper_dark.var"
                  },
                  "range": 1
                }
              ]
            },
            {
              "type": "minecraft:loot_table",
              "value": "deeper_dark:sculk_converter/8",
              "conditions": [
                {
                  "condition": "minecraft:value_check",
                  "value": {
                    "type": "minecraft:score",
                    "target": {
                      "type": "minecraft:fixed",
                      "name": "8"
                    },
                    "score": "deeper_dark.var"
                  },
                  "range": 1
                }
              ]
            }
          ]
        }
      ]
    }
  ]
}
