{
  "pools": [
    {
      "rolls": 1,
      "entries": [
        {
          "type": "minecraft:item",
          "name": "minecraft:blaze_rod",
          "functions": [
            {
              "function": "minecraft:set_count",
              "count": 1
            },
            {
              "function": "minecraft:set_count",
              "count": 1
            },
            {
              "function": "minecraft:set_components",
              "components": {
                "minecraft:item_name": "{\"bold\":false,\"color\":\"white\",\"italic\":false,\"text\":\"Raj's Lightning Rod\"}",
                "minecraft:max_stack_size": 1,
                "minecraft:food": {
                  "nutrition": 0,
                  "saturation": 0,
                  "can_always_eat": true,
                  "eat_seconds": 9999
                }
              }
            },
            {
              "function": "minecraft:set_lore",
              "entity": "this",
              "lore": [
                {
                  "text": "• Summons lightning in a 12 block radius",
                  "color": "gray",
                  "font": "minecraft:default",
                  "bold": false,
                  "italic": false
                },
                {
                  "text": "• Cooldown: 2 seconds",
                  "color": "gray",
                  "font": "minecraft:default",
                  "bold": false,
                  "italic": false
                }
              ],
              "mode": "append"
            }
          ]
        }
      ]
    }
  ]
}
