{
  "temperature": 2,
  "downfall": 2,
  "has_precipitation": false,
  "temperature_modifier": "none",
  "effects": {
    "sky_color": 0,
    "fog_color": 0,
    "water_color": 0,
    "water_fog_color": 0,
    "grass_color": 3352858,
    "foliage_color": 3352858,
    "mood_sound": {
      "sound": "minecraft:ambient.cave",
      "tick_delay": 6000,
      "block_search_extent": 8,
      "offset": 2
    }
  },
  "spawners": {
    "ambient": [],
    "creature": [],
    "misc": [],
    "monster": [
      {
        "type": "minecraft:drowned",
        "weight": 10,
        "minCount": 1,
        "maxCount": 5
      },
      {
        "type": "minecraft:skeleton",
        "weight": 10,
        "minCount": 1,
        "maxCount": 5
      }
    ],
    "underground_water_creature": []
  },
  "spawn_costs": {},
  "carvers": {},
  "features": [
    [],
    [],
    [],
    [],
    [],
    [],
    [
      "minecraft:underwater_magma",
      "kattersstructures:underwarter_soul_sand"
    ],
    [],
    [],
    [
      "kattersstructures:boulder",
      "kattersstructures:dead_bush",
      "kattersstructures:dead_coral_tree",
      "kattersstructures:dead_corals"
    ],
    []
  ]
}
