{
  "temperature": 1,
  "downfall": 2,
  "has_precipitation": false,
  "temperature_modifier": "none",
  "effects": {
    "sky_color": 0,
    "fog_color": 0,
    "water_color": 1124472,
    "water_fog_color": 1454698,
    "grass_color": 808216,
    "foliage_color": 808216,
    "mood_sound": {
      "sound": "minecraft:ambient.cave",
      "tick_delay": 6000,
      "block_search_extent": 8,
      "offset": 2
    }
  },
  "spawners": {
    "ambient": [],
    "axolotls": [
      {
        "type": "minecraft:axolotl",
        "weight": 1,
        "minCount": 1,
        "maxCount": 2
      }
    ],
    "creature": [],
    "misc": [],
    "monster": [
      {
        "type": "minecraft:drowned",
        "weight": 2,
        "minCount": 1,
        "maxCount": 2
      },
      {
        "type": "minecraft:guardian",
        "weight": 1,
        "minCount": 0,
        "maxCount": 1
      }
    ],
    "underground_water_creature": [
      {
        "type": "minecraft:glow_squid",
        "weight": 1,
        "minCount": 1,
        "maxCount": 10
      }
    ],
    "water_ambient": [
      {
        "type": "minecraft:cod",
        "weight": 15,
        "minCount": 3,
        "maxCount": 6
      },
      {
        "type": "minecraft:pufferfish",
        "weight": 5,
        "minCount": 1,
        "maxCount": 3
      },
      {
        "type": "minecraft:tropical_fish",
        "weight": 25,
        "minCount": 8,
        "maxCount": 8
      }
    ],
    "water_creature": [
      {
        "type": "minecraft:squid",
        "weight": 10,
        "minCount": 1,
        "maxCount": 2
      }
    ]
  },
  "spawn_costs": {},
  "carvers": {},
  "features": [
    [],
    [],
    [],
    [],
    [],
    [],
    [
      "minecraft:underwater_magma"
    ],
    [],
    [
      "kattersstructures:kelp",
      "kattersstructures:underwarter_flora"
    ],
    [],
    []
  ]
}
