{
  "parent": "nitco:recipes/root",
  "display": {
    "icon": {
      "id": "minecraft:crafting_table"
    },
    "title": "Heart Mechanist Crafting",
    "description": "Open a War Planner with a Heart Mechanist recipe.",
    "frame": "task",
    "show_toast": false,
    "announce_to_chat": false,
    "hidden": true
  },
  "rewards": {
    "function": "nitco:siteplanner/init_heartshop"
  },
  "criteria": {
    "open-dropper": {
      "trigger": "minecraft:any_block_use",
      "conditions": {
        "location": [
          {
            "condition": "minecraft:location_check",
            "predicate": {
              "block": {
                "blocks": [
                  "minecraft:dropper"
                ],
                "nbt": "{Items:[{Slot:0b,id:\"minecraft:copper_ingot\",count:16},{Slot:1b,id:\"minecraft:piston\",count:4},{Slot:2b,id:\"minecraft:copper_ingot\",count:16},{Slot:3b,id:\"minecraft:deepslate\",count:12},{Slot:4b,id:\"minecraft:gold_ingot\",count:10},{Slot:5b,id:\"minecraft:red_nether_bricks\",count:12},{Slot:6b,id:\"minecraft:nether_brick\",count:8},{Slot:7b,id:\"minecraft:nether_brick\",count:16},{Slot:8b,id:\"minecraft:nether_brick\",count:8}]}"
              }
            }
          }
        ]
      }
    }
  }
}