{
    "name": "kattersstructures:sky_dungeo/decor_small",
    "fallback": "minecraft:empty",
    "elements": [{
        "weight": 5,
        "element": {
            "location": "kattersstructures:sky_dungeo/decor/small/sky_dungeo_decor_small_01",
            "processors": "minecraft:empty",
            "projection": "rigid",
            "element_type": "minecraft:single_pool_element"
        }
    },{
        "weight": 5,
        "element": {
            "location": "kattersstructures:sky_dungeo/decor/small/sky_dungeo_decor_small_02",
            "processors": "minecraft:empty",
            "projection": "rigid",
            "element_type": "minecraft:single_pool_element"
        }
    },{
        "weight": 5,
        "element": {
            "location": "kattersstructures:sky_dungeo/decor/small/sky_dungeo_decor_small_03",
            "processors": "minecraft:empty",
            "projection": "rigid",
            "element_type": "minecraft:single_pool_element"
        }
    },{
        "weight": 1,
        "element": {
            "location": "kattersstructures:sky_dungeo/decor/small/sky_dungeo_decor_small_04",
            "processors": "minecraft:empty",
            "projection": "rigid",
            "element_type": "minecraft:single_pool_element"
        }
    },{
        "weight": 5,
        "element": {
            "location": "kattersstructures:sky_dungeo/decor/small/sky_dungeo_decor_small_05",
            "processors": "minecraft:empty",
            "projection": "rigid",
            "element_type": "minecraft:single_pool_element"
        }
    },{
        "weight": 5,
        "element": {
            "location": "kattersstructures:sky_dungeo/decor/small/sky_dungeo_decor_small_06",
            "processors": "minecraft:empty",
            "projection": "rigid",
            "element_type": "minecraft:single_pool_element"
        }
    },{
        "weight": 5,
        "element": {
            "location": "kattersstructures:sky_dungeo/decor/small/sky_dungeo_decor_small_07",
            "processors": "minecraft:empty",
            "projection": "rigid",
            "element_type": "minecraft:single_pool_element"
        }
    }
]
}