{
    "name": "kattersstructures:sky_dungeo/maze_room_b1",
    "fallback": "minecraft:empty",
    "elements": [{
        "weight": 1,
        "element": {
            "location": "kattersstructures:sky_dungeo/maze/b1/sky_dungeo_maze_room_1_01",
            "processors": "minecraft:empty",
            "projection": "rigid",
            "element_type": "minecraft:single_pool_element"
        }
    },{
        "weight": 1,
        "element": {
            "location": "kattersstructures:sky_dungeo/maze/b1/sky_dungeo_maze_room_1_02",
            "processors": "minecraft:empty",
            "projection": "rigid",
            "element_type": "minecraft:single_pool_element"
        }
    },{
        "weight": 1,
        "element": {
            "location": "kattersstructures:sky_dungeo/maze/b1/sky_dungeo_maze_room_1_03",
            "processors": "minecraft:empty",
            "projection": "rigid",
            "element_type": "minecraft:single_pool_element"
        }
    },{
        "weight": 1,
        "element": {
            "location": "kattersstructures:sky_dungeo/maze/b1/sky_dungeo_maze_room_1_04",
            "processors": "minecraft:empty",
            "projection": "rigid",
            "element_type": "minecraft:single_pool_element"
        }
    }
]
}