{
    "name": "kattersstructures:sky_dungeo/maze_room_e3b",
    "fallback": "minecraft:empty",
    "elements": [{
        "weight": 1,
        "element": {
            "location": "kattersstructures:sky_dungeo/maze/e3b/sky_dungeo_maze_edge_middel_left_01",
            "processors": "minecraft:empty",
            "projection": "rigid",
            "element_type": "minecraft:single_pool_element"
        }
    },{
        "weight": 1,
        "element": {
            "location": "kattersstructures:sky_dungeo/maze/e3b/sky_dungeo_maze_edge_middel_left_02",
            "processors": "minecraft:empty",
            "projection": "rigid",
            "element_type": "minecraft:single_pool_element"
        }
    },{
        "weight": 1,
        "element": {
            "location": "kattersstructures:sky_dungeo/maze/e3b/sky_dungeo_maze_edge_middel_left_03",
            "processors": "minecraft:empty",
            "projection": "rigid",
            "element_type": "minecraft:single_pool_element"
        }
    },{
        "weight": 1,
        "element": {
            "location": "kattersstructures:sky_dungeo/maze/e3b/sky_dungeo_maze_edge_middel_left_04",
            "processors": "minecraft:empty",
            "projection": "rigid",
            "element_type": "minecraft:single_pool_element"
        }
    }
]
}