{
  "description": {
      "translate": "enchantment.kattersstructures.light",
      "fallback": "Light"
  },
  "exclusive_set": "#kattersstructures:exclusive_set/light",
  "supported_items": "#minecraft:enchantable/armor",
  "weight": 1,
  "max_level": 2,
  "min_cost": {
    "base": 0,
    "per_level_above_first": 0
  },
  "max_cost": {
    "base": 0,
    "per_level_above_first": 0
  },
  "anvil_cost": 8,
  "slots": [
    "armor"
  ],
  "effects": {
    "minecraft:damage_protection": [
      {
        "effect": {
          "type": "minecraft:add",
          "value": -1
        },
        "requirements": {
          "condition": "minecraft:damage_source_properties",
          "predicate": {
            "tags": [
              {
                "id": "minecraft:bypasses_invulnerability",
                "expected": false
              }
            ]
          }
        }
      }
    ],
    "minecraft:attributes": [
      {
        "id": "kattersstructures:gravity_02",
        "attribute": "minecraft:generic.gravity",
        "amount": {
          "type": "minecraft:linear",
          "base": -0.2,
          "per_level_above_first": -0.1
        },
        "operation": "add_multiplied_total"
      },
      {
        "id": "kattersstructures:speed_01",
        "attribute": "minecraft:generic.movement_speed",
        "amount": {
          "type": "minecraft:linear",
          "base": 0.3,
          "per_level_above_first": 0.3
        },
        "operation": "add_multiplied_total"
      }
    ]
  }
}
