{
  "type": "deeper_dark:deeper_dark",
  "generator": {
    "biome_source": {
      "biomes": [
        {
          "parameters": {
            "weirdness": [
              -1,
              1
            ],
            "continentalness": [
              -1,
              0.5
            ],
            "erosion": [
              -1,
              1
            ],
            "temperature": [
              -1,
              0.35
            ],
            "humidity": [
              -1,
              1
            ],
            "depth": [
              -1,
              1
            ],
            "offset": 0
          },
          "biome": "deeper_dark:deeper_dark_cavern"
        },
        {
          "parameters": {
            "weirdness": [
              -1,
              0.5
            ],
            "continentalness": [
              -1,
              1
            ],
            "erosion": [
              -1,
              1
            ],
            "temperature": [
              0.35,
              0.88
            ],
            "humidity": [
              -1,
              1
            ],
            "depth": [
              -1,
              1
            ],
            "offset": 0
          },
          "biome": "deeper_dark:deeper_dark"
        },
        {
          "parameters": {
            "weirdness": [
              -1,
              1
            ],
            "continentalness": [
              -1,
              1
            ],
            "erosion": [
              -1,
              1
            ],
            "temperature": [
              0.88,
              1
            ],
            "humidity": [
              -1,
              1
            ],
            "depth": [
              -1,
              1
            ],
            "offset": 0
          },
          "biome": "deeper_dark:volcanic_caverns"
        },
        {
          "parameters": {
            "weirdness": [
              -1,
              1
            ],
            "continentalness": [
              0.5,
              1
            ],
            "erosion": [
              -1,
              1
            ],
            "temperature": [
              -1,
              0.35
            ],
            "humidity": [
              -1,
              1
            ],
            "depth": [
              -1,
              0
            ],
            "offset": 0
          },
          "biome": "deeper_dark:deep_oasis"
        },
        {
          "parameters": {
            "weirdness": [
              0.5,
              1
            ],
            "continentalness": [
              -1,
              1
            ],
            "erosion": [
              -1,
              1
            ],
            "temperature": [
              0.35,
              0.88
            ],
            "humidity": [
              -1,
              1
            ],
            "depth": [
              -1,
              1
            ],
            "offset": 0
          },
          "biome": "deeper_dark:amethyst_mines"
        },
        {
          "parameters": {
            "weirdness": [
              -1,
              1
            ],
            "continentalness": [
              0.5,
              1
            ],
            "erosion": [
              -1,
              1
            ],
            "temperature": [
              -1,
              0.35
            ],
            "humidity": [
              -1,
              1
            ],
            "depth": [
              0,
              1
            ],
            "offset": 0
          },
          "biome": "deeper_dark:deeper_dark_cavern"
        }
      ],
      "type": "minecraft:multi_noise"
    },
    "settings": "deeper_dark:deeper_dark",
    "type": "minecraft:noise"
  }
}