{
  "feature": {
    "type": "minecraft:random_selector",
    "config": {
      "features": [
        {
          "chance": 0.7,
          "feature": {
            "feature": {
              "type": "minecraft:block_pile",
              "config": {
                "state_provider": {
                  "type": "minecraft:simple_state_provider",
                  "state": {
                    "Name": "minecraft:dark_oak_planks"
                  }
                }
              }
            },
            "placement": []
          }
        }
      ],
      "default": {
        "feature": {
          "type": "minecraft:block_pile",
          "config": {
            "state_provider": {
              "type": "minecraft:rotated_block_provider",
              "state": {
                "Name": "minecraft:dark_oak_log"
              }
            }
          }
        },
        "placement": []
      }
    }
  },
  "placement": [
    {
      "type": "minecraft:count",
      "count": 25
    },
    {
      "type": "minecraft:in_square"
    },
    {
      "type": "minecraft:height_range",
      "height": {
        "type": "minecraft:uniform",
        "min_inclusive": {
          "above_bottom": 0
        },
        "max_inclusive": {
          "below_top": 0
        }
      }
    },
    {
      "type": "minecraft:environment_scan",
      "direction_of_search": "down",
      "max_steps": 32,
      "target_condition": {
        "type": "minecraft:solid"
      },
      "allowed_search_condition": {
        "type": "minecraft:matching_block_tag",
        "offset": [
          0,
          0,
          0
        ],
        "tag": "deeper_dark:structure_support_noclip"
      }
    }
  ]
}
