{
  "feature": {
    "type": "minecraft:simple_random_selector",
    "config": {
      "features": [
        {
          "feature": {
            "type": "minecraft:simple_block",
            "config": {
              "to_place": {
                "type": "minecraft:simple_state_provider",
                "state": {
                  "Name": "minecraft:red_mushroom"
                }
              }
            }
          },
          "placement": [
            {
              "type": "minecraft:environment_scan",
              "direction_of_search": "down",
              "max_steps": 32,
              "target_condition": {
                "type": "minecraft:all_of",
                "predicates": [
                  {
                    "type": "minecraft:matching_blocks",
                    "offset": [
                      0,
                      0,
                      0
                    ],
                    "blocks": "minecraft:air"
                  },
                  {
                    "type": "minecraft:matching_blocks",
                    "offset": [
                      0,
                      -1,
                      0
                    ],
                    "blocks": "minecraft:moss_block"
                  }
                ]
              }
            }
          ]
        },
        {
          "feature": {
            "type": "minecraft:simple_block",
            "config": {
              "to_place": {
                "type": "minecraft:simple_state_provider",
                "state": {
                  "Name": "minecraft:brown_mushroom"
                }
              }
            }
          },
          "placement": [
            {
              "type": "minecraft:environment_scan",
              "direction_of_search": "down",
              "max_steps": 32,
              "target_condition": {
                "type": "minecraft:all_of",
                "predicates": [
                  {
                    "type": "minecraft:matching_blocks",
                    "offset": [
                      0,
                      0,
                      0
                    ],
                    "blocks": "minecraft:air"
                  },
                  {
                    "type": "minecraft:matching_blocks",
                    "offset": [
                      0,
                      -1,
                      0
                    ],
                    "blocks": "minecraft:moss_block"
                  }
                ]
              }
            }
          ]
        },
        {
          "feature": {
            "type": "minecraft:simple_block",
            "config": {
              "to_place": {
                "type": "minecraft:simple_state_provider",
                "state": {
                  "Name": "minecraft:moss_carpet"
                }
              }
            }
          },
          "placement": [
            {
              "type": "minecraft:environment_scan",
              "direction_of_search": "down",
              "max_steps": 16,
              "target_condition": {
                "type": "minecraft:matching_blocks",
                "offset": [
                  0,
                  -1,
                  0
                ],
                "blocks": "minecraft:dark_oak_leaves"
              },
              "allowed_search_condition": {
                "type": "minecraft:true"
              }
            }
          ]
        },
        {
          "feature": {
            "type": "minecraft:multiface_growth",
            "config": {
              "block": "minecraft:glow_lichen",
              "search_range": 20,
              "chance_of_spreading": 0,
              "can_place_on_floor": true,
              "can_place_on_ceiling": true,
              "can_place_on_wall": true,
              "can_be_placed_on": [
                "minecraft:stone",
                "minecraft:andesite",
                "minecraft:diorite",
                "minecraft:granite",
                "minecraft:dripstone_block",
                "minecraft:calcite",
                "minecraft:tuff",
                "minecraft:deepslate",
                "minecraft:dark_oak_leaves",
                "minecraft:moss_block",
                "minecraft:dirt",
                "minecraft:dark_oak_log"
              ]
            }
          },
          "placement": []
        }
      ]
    }
  },
  "placement": [
    {
      "type": "minecraft:count",
      "count": 256
    },
    {
      "type": "minecraft:in_square"
    },
    {
      "type": "minecraft:height_range",
      "height": {
        "type": "minecraft:uniform",
        "min_inclusive": {
          "above_bottom": 0
        },
        "max_inclusive": {
          "below_top": 0
        }
      }
    },
    {
      "type": "minecraft:biome"
    }
  ]
}
