{
  "feature": {
  "type": "minecraft:ore",
  "config": {
    "discard_chance_on_air_exposure": 0,
    "size": 33,
    "targets": [
      {
        "state": {
          "Name": "minecraft:magma_block"
        },
        "target": {
          "predicate_type": "minecraft:tag_match",
          "tag": "minecraft:deepslate_ore_replaceables"
        }
      }
    ]
  }
},
  "placement": [
    {
      "type": "minecraft:count",
      "count": 20
    },
    {
      "type": "minecraft:in_square"
    },
    {
      "type": "minecraft:height_range",
      "height": {
        "type": "minecraft:trapezoid",
        "max_inclusive": {
          "below_top": 0
        },
        "min_inclusive": {
          "above_bottom": -64
        }
      }
    },
    {
      "type": "minecraft:biome"
    }
  ]
}