{
  "feature": "minecraft:sculk_patch_deep_dark",
  "placement": [
    {
      "type": "minecraft:count",
      "count": 48
    },
    {
      "type": "minecraft:in_square"
    },
    {
      "type": "minecraft:height_range",
      "height": {
        "type": "minecraft:uniform",
        "min_inclusive": {
          "above_bottom": 1
        },
        "max_inclusive": {
          "below_top": 1
        }
      }
    },
    {
      "type": "minecraft:environment_scan",
      "direction_of_search": "down",
      "max_steps": 16,
      "target_condition": {
        "type": "minecraft:all_of",
        "predicates": [
          {
            "type": "minecraft:not",
            "predicate": {
              "type": "minecraft:matching_block_tag",
              "offset": [
                0,
                -1,
                0
              ],
              "tag": "minecraft:replaceable"
            }
          },
          {
            "type": "minecraft:not",
            "predicate": {
              "type": "minecraft:matching_block_tag",
              "offset": [
                0,
                -1,
                0
              ],
              "tag": "deeper_dark:sculk"
            }
          }
        ]
      },
      "allowed_search_condition": {
        "type": "minecraft:true"
      }
    },
    {
      "type": "minecraft:biome"
    }
  ]
}