{
  "feature": {
    "type": "minecraft:random_patch",
    "config": {
      "tries": 32,
      "xz_spread": 8,
      "y_spread": 1,
      "feature": {
        "feature": {
          "type": "minecraft:random_selector",
          "config": {
            "features": [
              {
                "chance": 0.2,
                "feature": {
                  "feature": {
                    "type": "minecraft:simple_block",
                    "config": {
                      "to_place": {
                        "type": "minecraft:simple_state_provider",
                        "state": {
                          "Name": "minecraft:sculk_shrieker",
                          "Properties": {
                            "can_summon": "true"
                          }
                        }
                      }
                    }
                  },
                  "placement": []
                }
              }
            ],
            "default": {
              "feature": {
                "type": "minecraft:simple_block",
                "config": {
                  "to_place": {
                    "type": "minecraft:simple_state_provider",
                    "state": {
                      "Name": "minecraft:sculk_sensor"
                    }
                  }
                }
              },
              "placement": []
            }
          }
        },
        "placement": [
          {
            "type": "minecraft:block_predicate_filter",
            "predicate": {
              "type": "minecraft:any_of",
              "predicates": [
                {
                  "type": "minecraft:replaceable"
                },
                {
                  "type": "minecraft:matching_blocks",
                  "blocks": "minecraft:sculk_vein"
                }
              ]
            }
          },
          {
            "type": "minecraft:block_predicate_filter",
            "predicate": {
              "type": "minecraft:matching_block_tag",
              "offset": [
                0,
                -1,
                0
              ],
              "tag": "minecraft:wool"
            }
          },
          {
            "type": "minecraft:block_predicate_filter",
            "predicate": {
              "type": "minecraft:not",
              "predicate": {
                "type": "minecraft:matching_blocks",
                "offset": [
                  0,
                  -2,
                  0
                ],
                "blocks": "#minecraft:wool"
              }
            }
          }
        ]
      }
    }
  },
  "placement": []
}
