{
  "feature": {
    "type": "minecraft:geode",
    "config": {
      "blocks": {
        "filling_provider": {
          "type": "minecraft:simple_state_provider",
          "state": {
            "Name": "minecraft:air"
          }
        },
        "inner_layer_provider": {
          "type": "minecraft:weighted_state_provider",
          "entries": [
            {
              "weight": 1,
              "data": {
                "Name": "minecraft:moss_block"
              }
            },
            {
              "weight": 1,
              "data": {
                "Name": "minecraft:coarse_dirt"
              }
            }
          ]
        },
        "alternate_inner_layer_provider": {
          "type": "minecraft:simple_state_provider",
          "state": {
            "Name": "minecraft:moss_block"
          }
        },
        "middle_layer_provider": {
          "type": "minecraft:simple_state_provider",
          "state": {
            "Name": "minecraft:deepslate"
          }
        },
        "outer_layer_provider": {
          "type": "minecraft:weighted_state_provider",
          "entries": [
            {
              "weight": 1,
              "data": {
                "Name": "minecraft:moss_block"
              }
            },
            {
              "weight": 1,
              "data": {
                "Name": "minecraft:deepslate"
              }
            }
          ]
        },
        "inner_placements": [
          {
            "Name": "minecraft:stone"
          }
        ],
        "cannot_replace": "#minecraft:features_cannot_replace",
        "invalid_blocks": "#deeper_dark:sculk"
      },
      "layers": {
        "filling": 2.2,
        "inner_layer": 2.7,
        "middle_layer": 3.7,
        "outer_layer": 4.7
      },
      "crack": {
        "generate_crack_chance": 1,
        "base_crack_size": 2,
        "crack_point_offset": 2
      },
      "noise_multiplier": 0.05,
      "use_potential_placements_chance": 0,
      "use_alternate_layer0_chance": 0,
      "placements_require_layer0_alternate": true,
      "outer_wall_distance": {
        "type": "minecraft:uniform",
        "value": {
          "min_inclusive": 4,
          "max_inclusive": 6
        }
      },
      "distribution_points": {
        "type": "minecraft:uniform",
        "value": {
          "min_inclusive": 3,
          "max_inclusive": 4
        }
      },
      "point_offset": {
        "type": "minecraft:uniform",
        "value": {
          "min_inclusive": 1,
          "max_inclusive": 2
        }
      },
      "min_gen_offset": -16,
      "max_gen_offset": 16,
      "invalid_blocks_threshold": 1
    }
  },
  "placement": [
    {
      "type": "minecraft:count",
      "count": 1
    },
    {
      "type": "minecraft:in_square"
    },
    {
      "type": "minecraft:height_range",
      "height": {
        "type": "minecraft:uniform",
        "min_inclusive": {
          "absolute": 0
        },
        "max_inclusive": {
          "below_top": 20
        }
      }
    },
    {
      "type": "minecraft:block_predicate_filter",
      "predicate": {
        "type": "minecraft:matching_blocks",
        "offset": [
          0,
          0,
          0
        ],
        "blocks": [
          "minecraft:air",
          "minecraft:moss_block"
        ]
      }
    },
    {
      "type": "minecraft:biome"
    }
  ]
}
