{
  "feature": {
    "type": "minecraft:random_selector",
    "config": {
      "features": [
        {
          "chance": 0.3,
          "feature": {
            "feature": {
              "type": "minecraft:block_column",
              "config": {
                "direction": "up",
                "allowed_placement": {
                  "type": "minecraft:true"
                },
                "prioritize_tip": true,
                "layers": [
                  {
                    "height": 1,
                    "provider": {
                      "type": "minecraft:simple_state_provider",
                      "state": {
                        "Name": "minecraft:dark_oak_fence"
                      }
                    }
                  },
                  {
                    "height": 1,
                    "provider": {
                      "type": "minecraft:simple_state_provider",
                      "state": {
                        "Name": "minecraft:soul_lantern"
                      }
                    }
                  }
                ]
              }
            },
            "placement": [
              {
                "type": "minecraft:block_predicate_filter",
                "predicate": {
                  "type": "minecraft:all_of",
                  "predicates": [
                    {
                      "type": "minecraft:matching_blocks",
                      "offset": [
                        1,
                        0,
                        0
                      ],
                      "blocks": [
                        "minecraft:air",
                        "minecraft:sculk_vein"
                      ]
                    },
                    {
                      "type": "minecraft:matching_blocks",
                      "offset": [
                        -1,
                        0,
                        0
                      ],
                      "blocks": [
                        "minecraft:air",
                        "minecraft:sculk_vein"
                      ]
                    },
                    {
                      "type": "minecraft:matching_blocks",
                      "offset": [
                        0,
                        0,
                        1
                      ],
                      "blocks": [
                        "minecraft:air",
                        "minecraft:sculk_vein"
                      ]
                    },
                    {
                      "type": "minecraft:matching_blocks",
                      "offset": [
                        0,
                        0,
                        -1
                      ],
                      "blocks": [
                        "minecraft:air",
                        "minecraft:sculk_vein"
                      ]
                    }
                  ]
                }
              }
            ]
          }
        }
      ],
      "default": {
        "feature": {
          "type": "minecraft:simple_block",
          "config": {
            "to_place": {
              "type": "minecraft:simple_state_provider",
              "state": {
                "Name": "minecraft:soul_torch"
              }
            }
          }
        },
        "placement": []
      }
    }
  },
  "placement": [
    {
      "type": "minecraft:count",
      "count": 25
    },
    {
      "type": "minecraft:in_square"
    },
    {
      "type": "minecraft:height_range",
      "height": {
        "type": "minecraft:uniform",
        "min_inclusive": {
          "above_bottom": 0
        },
        "max_inclusive": {
          "below_top": 0
        }
      }
    },
    {
      "type": "minecraft:environment_scan",
      "direction_of_search": "down",
      "max_steps": 32,
      "target_condition": {
        "type": "minecraft:would_survive",
        "offset": [
          0,
          0,
          0
        ],
        "state": {
          "Name": "minecraft:soul_torch"
        }
      },
      "allowed_search_condition": {
        "type": "minecraft:matching_block_tag",
        "offset": [
          0,
          0,
          0
        ],
        "tag": "deeper_dark:structure_support_noclip"
      }
    },
    {
      "type": "minecraft:block_predicate_filter",
      "predicate": {
        "type": "minecraft:matching_blocks",
        "blocks": [
          "air",
          "minecraft:sculk_vein"
        ]
      }
    }
  ]
}