{
  "feature": {
    "type": "minecraft:tree",
    "config": {
      "ignore_vines": true,
      "force_dirt": false,
      "minimum_size": {
        "type": "minecraft:two_layers_feature_size",
        "min_clipped_height": 0,
        "limit": 0,
        "lower_size": 0,
        "upper_size": 0
      },
      "dirt_provider": {
        "type": "minecraft:simple_state_provider",
        "state": {
          "Name": "minecraft:dark_oak_log"
        }
      },
      "trunk_provider": {
        "type": "minecraft:simple_state_provider",
        "state": {
          "Name": "minecraft:dark_oak_log",
          "Properties": {
            "axis": "y"
          }
        }
      },
      "foliage_provider": {
        "type": "minecraft:simple_state_provider",
        "state": {
          "Name": "minecraft:dark_oak_leaves",
          "Properties": {
            "persistent": "false",
            "distance": "7"
          }
        }
      },
      "trunk_placer": {
        "type": "minecraft:bending_trunk_placer",
        "base_height": 0,
        "height_rand_a": 0,
        "height_rand_b": 0,
        "bend_length": {
          "type": "minecraft:biased_to_bottom",
          
            "min_inclusive": 3,
            "max_inclusive": 7
          
        },
        "min_height_for_leaves": 4
      },
      "foliage_placer": {
        "type": "minecraft:acacia_foliage_placer",
        "radius": {
          "type": "minecraft:uniform",
          
            "min_inclusive": 2,
            "max_inclusive": 3
          
        },
        "offset": 1
      },
      "decorators": []
    }
  },
  "placement": [
    {
      "type": "minecraft:count",
      "count": 128
    },
    {
      "type": "minecraft:random_offset",
      "xz_spread": 7,
      "y_spread": 0
    },
    {
      "type": "minecraft:height_range",
      "height": {
        "type": "minecraft:uniform",
        "min_inclusive": {
          "above_bottom": 0
        },
        "max_inclusive": {
          "below_top": 0
        }
      }
    },
    {
      "type": "minecraft:block_predicate_filter",
      "predicate": {
        "type": "minecraft:matching_blocks",
        "blocks": "minecraft:dark_oak_log"
      }
    }
  ]
}
