{
    "criteria": {
      "requirement": {
        "trigger": "minecraft:consume_item",
        "conditions": {
          "item": {
            "items": "minecraft:potion",
            "count": 1,
            "components": {
              "minecraft:item_name": "{\"color\":\"red\",\"fallback\":\"Wine\",\"translate\":\"item.kattersstructures.wine\"}"
            }
          }
        }
      }
    },
    "rewards": {
      "function": "kattersstructures:mesa_village/poisoning_wine"
    }
  }
  