{
  "parent": "nitco:nitco/ancient_drill",
  "display": {
    "icon": {
      "id": "minecraft:chiseled_nether_bricks"
    },
    "title": {
      "translate": "nitco.advancement.completed_fortress",
      "fallback": "War Machine"
    },
    "description": {
      "translate": "nitco.advancement.completed_fortress.desc",
      "fallback": "Fill your fortress with every functional war platform."
    },
    "frame": "challenge",
    "background": "minecraft:textures/block/polished_blackstone_bricks.png",
    "show_toast": true,
    "announce_to_chat": true,
    "hidden": false
  },
  "rewards": {
    "experience": 1000
  },
  "criteria": {
    "build-armorer": {
      "trigger": "minecraft:impossible"
    },
    "build-basalt": {
      "trigger": "minecraft:impossible"
    },
    "build-crimson": {
      "trigger": "minecraft:impossible"
    },
    "build-demolitions": {
      "trigger": "minecraft:impossible"
    },
    "build-foodstore": {
      "trigger": "minecraft:impossible"
    },
    "build-ghast": {
      "trigger": "minecraft:impossible"
    },
    "build-magicfarm": {
      "trigger": "minecraft:impossible"
    },
    "build-respawn": {
      "trigger": "minecraft:impossible"
    },
    "build-soulforge": {
      "trigger": "minecraft:impossible"
    },
    "build-warped": {
      "trigger": "minecraft:impossible"
    },
    "build-weaponsmith": {
      "trigger": "minecraft:impossible"
    },
    "build-barter": {
      "trigger": "minecraft:impossible"
    },
    "build-strider": {
      "trigger": "minecraft:impossible"
    },
    "build-healwater": {
      "trigger": "minecraft:impossible"
    },
    "build-wartpit": {
      "trigger": "minecraft:impossible"
    },
    "build-doompump": {
      "trigger": "minecraft:impossible"
    },
    "build-scout": {
      "trigger": "minecraft:impossible"
    },
    "build-heartshop": {
      "trigger": "minecraft:impossible"
    }
  }
}