{
  "parent": "nitco:nitco/ancient_drill",
  "display": {
    "icon": {
      "id": "minecraft:wither_rose"
    },
    "title": {
      "translate": "nitco.advancement.summon_tyrant",
      "fallback": "Grim Reunion"
    },
    "description": {
      "translate": "nitco.advancement.summon_tyrant.desc",
      "fallback": "End the Tyrant's experiments at the Portal Factory."
    },
    "frame": "goal",
	"background": "minecraft:textures/block/polished_blackstone_bricks.png",
    "show_toast": true,
    "announce_to_chat": true,
    "hidden": false
  },
  "rewards": {
    "experience": 500
  },
  "criteria": {
    "summon-wither-factory": {
      "trigger": "minecraft:impossible"
    }
  }
}