{
  "criteria": {
    "requirement": {
      "trigger": "minecraft:any_block_use",
      "conditions": {
        "player": [
          {
            "condition": "minecraft:value_check",
            "value": {
              "type": "minecraft:score",
              "target": "this",
              "score": "nitTutorialStatus"
            },
            "range": {
              "min": 1
            }
          }
        ],
        "location": [
          {
            "condition": "minecraft:location_check",
            "predicate": {
              "block": {
                "blocks": [
                  "minecraft:dropper"
                ],
                "state": {
                  "facing": "up"
                }
              }
            }
          }
        ]
      }
    }
  },
  "rewards": {
    "function": "nitk:tutorial/site_planners"
  }
}