{
  "type": "minecraft:command",
  "pools": [
    {
      "rolls": 1,
      "entries": [
        {
          "type": "minecraft:item",
          "weight": 1,
          "name": "minecraft:red_sand",
          "functions": [
            {
              "function": "set_count",
              "count": {
                "type": "uniform",
                "min": 4,
                "max": 12
              }
            }
          ]
        },
        {
          "type": "minecraft:item",
          "weight": 1,
          "name": "minecraft:weeping_vines",
          "functions": [
            {
              "function": "set_count",
              "count": {
                "type": "uniform",
                "min": 4,
                "max": 12
              }
            }
          ]
        },
        {
          "type": "minecraft:item",
          "weight": 1,
          "name": "minecraft:red_terracotta",
          "functions": [
            {
              "function": "set_count",
              "count": {
                "type": "uniform",
                "min": 4,
                "max": 12
              }
            }
          ]
        },
        {
          "type": "minecraft:item",
          "weight": 1,
          "name": "minecraft:red_sandstone",
          "functions": [
            {
              "function": "set_count",
              "count": {
                "type": "uniform",
                "min": 4,
                "max": 12
              }
            }
          ]
        },
        {
          "type": "minecraft:loot_table",
          "weight": 1,
          "value": "nitco:entity/blaze",
          "functions": [
            {
              "function": "set_count",
              "count": {
                "type": "uniform",
                "min": 4,
                "max": 12
              }
            }
          ]
        }
      ]
    }
  ]
}