{
  "type": "minecraft:command",
  "pools": [
    {
      "rolls": 1,
      "entries": [
        {
          "type": "minecraft:item",
          "weight": 1,
          "name": "minecraft:quartz_block",
          "functions": [
            {
              "function": "set_count",
              "count": {
                "type": "uniform",
                "min": 4,
                "max": 12
              }
            }
          ]
        },
        {
          "type": "minecraft:item",
          "weight": 1,
          "name": "minecraft:glass",
          "functions": [
            {
              "function": "set_count",
              "count": {
                "type": "uniform",
                "min": 4,
                "max": 12
              }
            }
          ]
        },
        {
          "type": "minecraft:item",
          "weight": 1,
          "name": "minecraft:warped_planks",
          "functions": [
            {
              "function": "set_count",
              "count": {
                "type": "uniform",
                "min": 4,
                "max": 12
              }
            }
          ]
        },
        {
          "type": "minecraft:item",
          "weight": 1,
          "name": "minecraft:fire_charge",
          "functions": [
            {
              "function": "set_count",
              "count": {
                "type": "uniform",
                "min": 4,
                "max": 12
              }
            }
          ]
        },
        {
          "type": "minecraft:loot_table",
          "weight": 1,
          "value": "nitco:entity/ghast",
          "functions": [
            {
              "function": "set_count",
              "count": {
                "type": "uniform",
                "min": 4,
                "max": 12
              }
            }
          ]
        }
      ]
    }
  ]
}
