{
  "parent": "namespace:recipes/root",
  "display": {
    "icon": {
      "id": "minecraft:crafting_table"
    },
    "title": "structurename Crafting",
    "description": "Q = Tyrant Locus\nE = End Stone\nP = Poppd Chors Fruit\nN = Nethr Brck Item\nO = Obsidian\nR = End Rod\n4 = <item>\n1 = <item>\n2 = <item>\n<item>x<quantity>  | <item>x<quantity> | <item>x<quantity>\nOx<quantity> |  Q  | Rx<quantity>\nEx<quantity>  | Nx<quantity> | Ex<quantity>",
    "frame": "task",
    "show_toast": false,
    "announce_to_chat": false,
    "hidden": true
  },
  "rewards": {
    "function": "namespace:siteplanner/init_structurename"
  },
  "criteria": {
    "open-dropper": {
      "trigger": "minecraft:any_block_use",
      "conditions": {
        "location": [
          {
            "condition": "minecraft:location_check",
            "predicate": {
              "position": {
                "y": {
                  "min": 0,
                  "max": 241
                }
              },
              "block": {
                  "blocks": [
                    "minecraft:dropper"
                  ],
                  "nbt": "{Items:[{Slot:0b,id:\"minecraft:<item>\",count:<quantity>},{Slot:1b,id:\"minecraft:<item>\",count:<quantity>},{Slot:2b,id:\"minecraft:<item>\",count:<quantity>},{Slot:3b,id:\"minecraft:obsidian\",count:<quantity>},{Slot:4b,id:\"minecraft:ender_eye\",count:1,components:{\"minecraft:custom_data\":{nitref_tyrantLocus:1b}}},{Slot:5b,id:\"minecraft:end_rod\",count:<quantity>},{Slot:6b,id:\"minecraft:end_stone\",count:<quantity>},{Slot:7b,id:\"minecraft:nether_brick\",count:<quantity>},{Slot:8b,id:\"minecraft:end_stone\",count:<quantity>}]}"
                }
              }
            }
          ]
        }
      }
    }
  }